stability,positive_trans,mean
0.6500000000000001,0.01145095196039668,0.0001
0.6500000000000001,0.05522828824150088,0.0005
0.6500000000000001,0.112430039012275,0.001
0.6500000000000001,0.5817575665335268,0.005
0.7000000000000002,1.1817714139513011,0.01
0.9500000000000004,5.02584603507364,0.05
0.9750000000000004,11.915799453783771,0.1
