stability,positive_trans,mean
0.5750000000000001,0.01186160210119415,0.0001
0.5750000000000001,0.059440885231787415,0.0005
0.5750000000000001,0.11525491804543866,0.001
0.5750000000000001,0.5788127921619236,0.005
0.6250000000000001,1.133119069518389,0.01
0.8250000000000002,5.69220037622478,0.05
0.8500000000000002,11.407392826190195,0.1
