stability,positive_trans,mean
0.6500000000000001,0.011724427418764711,0.0001
0.6500000000000001,0.05546837287144564,0.0005
0.6500000000000001,0.11484675479104321,0.001
0.6500000000000001,0.5633451739984756,0.005
0.6500000000000001,1.107180278248081,0.01
0.6500000000000001,5.788576985538766,0.05
0.7000000000000001,11.109817748840621,0.1
